R,E1_HF,mEJ,EN,E_TOTAL
0.5,-0.14338470123007774,-1.5145007608303138,2.0,0.34211453793960844
1.0,0.0675662174461178,-1.4291756130528304,1.0,-0.36160939560671257
1.4,0.1841917554112107,-1.3493142108099623,0.7142857142857143,-0.4508367411130373
