R,ET,EV,EJ,EX,EN,E_TOTAL
0.5,1.428359932897721,-4.600746155788427,1.5145007608303138,0.0,2.0,0.34211453793960844
1.0,1.283717068760349,-4.074502077419892,1.4291756130528304,0.0,1.0,-0.36160939560671257
1.4,1.2094868606378342,-3.7239235268465483,1.3493142108099623,0.0,0.7142857142857143,-0.4508367411130373
